Countries,Indicators,,2000,2001,2002,2003,2004,2005,2006,2007,2008,2009,2010,2011,2012,2013,2014,2015,2016,2017,2018,2019,2020,2021,2022,2023,2024
Algeria,Internal transfers and grants,Million NCU,"66,051","81,873","83,241","95,906","102,685","109,738","123,058","161,159","215,080","239,844","264,395","353,723","488,923","456,756","512,250","493,436","469,913","487,991","525,356","395,174","361,644","377,502","438,000","642,113",
Angola,Internal transfers and grants,Million NCU,"1,246","4,933","8,707","19,477","33,186","41,206","60,794","86,208","142,064","145,036","128,933","179,904","191,117","223,677","188,811","172,180","198,187","261,762","282,907","346,435","561,819","808,102","857,526","852,683",
Benin,Internal transfers and grants,Million NCU,"28,354","32,239","27,268","32,644","37,665","36,286","39,066","37,333","32,413","37,994","33,998","31,159","40,660","45,200","35,384","36,500","46,946","49,483","49,842","35,718","42,210","28,380","50,230","53,300",
Botswana,Internal transfers and grants,Million NCU,914,"1,084","1,245","1,290","1,378","1,398","1,564","1,968","2,599","2,371","3,022","3,672","4,322","4,972","5,531","5,657","6,299","8,345","7,197","7,853","7,680","10,037","10,827","12,459",
Burkina Faso,Internal transfers and grants,Million NCU,"20,145","22,568","26,427","26,786","48,688","39,432","48,650","51,852","56,744","72,264","64,679","76,318","67,908","106,862","111,826","100,994","180,616","219,963","187,606","210,588","291,377","298,420","319,899","314,903",
Burundi,Internal transfers and grants,Million NCU,"6,802","9,465","8,940","6,726","17,511","18,736","23,588","27,321","15,062","29,892","33,412","77,767","62,100","54,960","71,872","87,482","90,760","91,935","93,109","105,718","114,944","132,686","100,485","116,117",
Cabo Verde,Internal transfers and grants,Million NCU,"1,436","1,705","1,830","1,920","1,875","1,882","2,091","2,437","2,086","2,547","2,672","2,773","3,060","3,182","3,306","3,608","3,837","3,923","4,633","5,296","6,096","6,455","7,606","6,461",
Cameroon,Internal transfers and grants,Million NCU,"48,412","62,597","76,816","79,430","70,044","67,078","70,800","65,159","68,074","58,853","55,307","82,705","98,547","80,025","105,959","69,286","73,327","29,598","77,131","93,857","141,864","121,310","184,096","199,186",
Central African Republic,Internal transfers and grants,Million NCU,"10,596","9,999","9,824","10,655","10,202","7,717","9,865","10,691","7,709","7,117","6,114","4,770","7,979","8,222","6,653","4,570","6,484","8,770","8,715","10,932","16,769","18,109","22,894","24,154",
Chad,Internal transfers and grants,Million NCU,"23,162","26,171","32,864","31,265","50,622","50,308","38,744","42,522","37,001","40,616","45,071","47,372","59,951","73,717","84,296","62,280","49,735","40,757","39,854","44,845","47,418","68,905","101,224","137,985",
Comoros,Internal transfers and grants,Million NCU,"1,608","1,088","2,120","2,021","1,942","1,791","1,733","1,608","1,316","1,200","1,259","3,448","3,079","2,709","2,340","1,970","2,519","3,067","3,616","4,164","6,617","4,819","4,807","4,923",
Congo,Internal transfers and grants,Million NCU,"13,281","21,492","10,026","11,230","11,711","15,152","23,402","24,655","57,117","28,247","53,893","48,053","73,976","83,079","83,754","78,650","72,526","62,351","50,899","84,286","114,495","127,635","70,000","96,324",
C™te d'Ivoire,Internal transfers and grants,Million NCU,"59,325","55,354","61,672","60,434","64,591","62,695","68,238","87,806","97,750","128,376","138,425","92,892","136,260","149,551","182,227","212,109","241,393","279,305","286,905","313,341","420,888","557,000","572,492","598,770",
Democratic Republic of the Congo,Internal transfers and grants,Million NCU,819,"2,375","3,156","8,317","8,338","12,365","15,318","21,038","32,281","47,061","77,728","84,130","143,563","149,785","183,001","220,499","191,848","213,666","362,928","447,354","569,940","687,292","902,907","1,067,901",
Equatorial Guinea,Internal transfers and grants,Million NCU,"2,667","2,364","2,314","4,309","4,836","8,724","13,656","17,653","25,178","40,465","36,019","39,600","57,581","45,415","48,598","42,434","44,389","41,874","45,524","40,358","47,546","64,020","62,348","70,606",
Eritrea,Internal transfers and grants,Million NCU,108,118,167,156,185,111,118,191,234,213,246,243,274,234,205,228,245,289,189,222,268,296,324,341,
Eswatini,Internal transfers and grants,Million NCU,291,317,366,485,541,736,771,918,"1,212","1,354","1,374","1,264","1,369","1,476","1,315","1,527","1,598","2,079","2,099","2,863","2,320","2,618","2,543","2,873",
Ethiopia,Internal transfers and grants,Million NCU,"1,208","1,381","1,396","1,684","1,159","1,855","1,486","2,310","1,286","3,062","3,643","1,963","7,970","9,532","7,581","12,529","14,111","15,694","16,862","19,666","33,163","42,510","44,380","53,581",
Gabon,Internal transfers and grants,Million NCU,"34,875","38,587","37,075","48,026","49,128","44,631","56,002","64,641","63,672","66,327","78,306","90,009","94,693","108,467","85,768","77,112","105,315","92,821","86,144","96,986","98,412","104,842","141,209","147,148",
Gambia,Internal transfers and grants,Million NCU,78,96,96,141,226,240,262,225,253,350,397,433,547,536,560,585,830,744,843,"1,169","1,821","1,357","1,868","1,906",
Ghana,Internal transfers and grants,Million NCU,49,79,78,154,186,260,351,391,458,642,937,"1,155","1,419","1,479","1,528","2,167","2,037","3,296","3,196","5,287","8,281","7,807","7,761","10,598",
Guinea,Internal transfers and grants,Million NCU,"20,137","26,155","49,519","38,623","25,194","41,610","51,562","60,402","76,160","66,519","117,865","174,578","203,395","223,747","323,112","224,459","453,301","502,001","599,711","1,076,168","1,014,944","1,061,776","1,217,540","1,558,012",
Guinea-Bissau,Internal transfers and grants,Million NCU,"1,649","1,455","1,148","1,380","1,780","1,717","1,658","2,155","2,333","2,177","2,177","2,382","2,703","3,023","3,344","3,664","3,576","4,254","4,362","3,996","10,506","10,868","11,122","11,411",
Kenya,Internal transfers and grants,Million NCU,"11,927","13,390","14,311","15,872","17,008","19,708","22,594","27,255","32,782","40,523","47,292","56,983","66,675","76,366","92,938","109,511","126,083","103,954","117,485","137,113","158,262","179,411","180,489","197,176",
Lesotho,Internal transfers and grants,Million NCU,186,266,265,283,299,250,369,582,640,737,675,944,"1,180","1,454","1,591","1,706","1,734","1,903","1,903","2,320","1,668","1,592","2,532","2,424",
Liberia,Internal transfers and grants,Million NCU,228,234,328,177,255,294,304,605,974,"1,444","1,787","2,566","3,050",749,"2,135","3,209","4,283","5,193","7,933","7,788","7,695","6,477","7,840","9,992",
Madagascar,Internal transfers and grants,Million NCU,"115,657","131,348","127,757","171,460","205,710","227,038","259,390","304,206","258,413","245,657","389,695","392,579","378,638","357,598","528,648","661,039","892,743","922,244","686,805","345,895","337,966","407,063","557,224","688,179",
Malawi,Internal transfers and grants,Million NCU,"2,574","2,523","3,680","4,773","4,572","6,417","7,226","5,583","13,128","11,708","16,693","20,327","20,223","41,967","56,736","85,529","106,101","112,285","121,558","126,035","137,717","135,814","103,445","129,620",
Mali,Internal transfers and grants,Million NCU,"26,610","26,187","29,729","38,189","45,299","45,425","43,492","38,205","30,727","31,198","26,206","26,256","17,823","42,297","51,096","51,596","70,518","73,550","80,015","79,166","129,052","113,747","102,679","104,737",
Mauritania,Internal transfers and grants,Million NCU,200,243,422,417,443,639,712,721,965,720,847,"1,058","1,373","1,874","1,854","2,199","2,015","2,208","2,189","2,489","2,427","2,904","2,980","2,854",
Mauritius,Internal transfers and grants,Million NCU,"1,981","2,235","2,589","2,866","3,452","3,433","3,655","3,810","4,003","4,671","6,226","5,858","6,665","7,290","9,655","9,737","10,921","11,675","12,379","12,790","13,129","16,040","14,354","15,700",
Mozambique,Internal transfers and grants,Million NCU,981,"1,535","1,657","1,840","2,012","2,917","2,760","3,275","3,790","4,305","4,820","5,335","5,850","7,760","9,669","11,579","13,114","14,648","16,183","17,718","23,651","24,183","27,597","30,109",
Namibia,Internal transfers and grants,Million NCU,"1,316","1,511","1,831","1,968","2,125","2,100","2,250","2,888","2,896","2,601","3,294","3,687","4,136","4,910","5,236","6,151","6,895","6,962","6,415","6,390","7,941","8,457","8,536","9,267",
Niger,Internal transfers and grants,Million NCU,"17,343","19,813","22,472","20,253","22,550","43,420","50,236","40,278","49,477","52,145","49,771","51,241","48,672","65,451","64,405","60,377","64,509","119,046","121,939","149,306","181,072","173,292","143,939","96,029",
Nigeria,Internal transfers and grants,Million NCU,"40,391","69,766","60,212","123,682","208,208","254,174","248,952","243,730","238,507","233,285","228,063","281,831","361,142","364,507","372,432","523,596","449,891","580,540","582,086","611,212","712,311","851,364","1,120,441","1,259,008",
Rwanda,Internal transfers and grants,Million NCU,"3,264","3,687","4,246","15,645","17,306","18,967","20,627","27,295","34,816","39,377","46,571","59,413","60,236","68,302","76,367","77,731","98,429","110,445","125,224","151,274","188,455","232,766","274,186","302,772",
Sao Tome and Principe,Internal transfers and grants,Million NCU,21,23,27,54,54,66,9,33,34,52,75,92,102,149,152,118,193,239,202,196,298,363,286,323,
Senegal,Internal transfers and grants,Million NCU,"48,457","61,155","58,758","71,205","78,317","83,438","96,541","75,793","90,978","93,261","78,041","93,374","92,444","93,189","87,357","90,062","85,938","95,358","109,885","103,044","189,869","139,901","139,182","170,500",
Seychelles,Internal transfers and grants,Million NCU,133,137,139,158,176,183,193,211,220,275,364,380,584,513,563,595,681,748,786,798,"1,090",936,864,966,
Sierra Leone,Internal transfers and grants,Million NCU,"17,312","22,551","28,718","33,391","38,646","46,892","50,632","45,500","53,280","81,390","135,090","147,348","159,606","171,864","303,462","277,767","252,072","226,378","221,044","435,140","539,168","855,440","865,849","1,072,494",
South Africa,Internal transfers and grants,Million NCU,"28,275","28,016","31,373","41,594","45,137","50,426","58,377","68,497","78,297","94,460","109,147","122,837","131,828","143,111","150,454","165,926","178,527","190,169","202,808","221,475","242,366","254,774","267,058","287,416",
South Sudan,Internal transfers and grants,Million NCU,,,,,,,,,,,,,,,,,,"2,762","4,523","6,343","6,354","17,075","26,934","33,551",
Togo,Internal transfers and grants,Million NCU,"4,159","4,760","5,449","6,237","7,139","8,172","9,354","10,708","12,257","15,158","26,385","26,375","29,013","22,350","22,802","27,299","28,574","32,929","33,715","28,022","29,901","16,145","21,118","23,468",
Uganda,Internal transfers and grants,Million NCU,"161,819","185,712","222,067","252,372","266,042","229,090","252,870","311,223","362,068","404,711","589,736","630,355","716,648","808,409","850,194","733,412","801,344","719,311","824,600","786,141","1,656,069","1,721,971","1,673,292","1,742,629",
United Republic of Tanzania,Internal transfers and grants,Million NCU,"61,719","106,764","151,808","196,853","297,370","397,886","498,403","468,840","697,970","521,599","603,922","625,913","647,904","745,830","843,756","961,833","1,440,672","1,547,141","1,661,478","1,808,813","831,814","998,823","1,135,179","1,233,833",
Zambia,Internal transfers and grants,Million NCU,165,285,350,320,391,462,611,837,"1,064","1,290","1,516","1,743","1,922","1,982","3,164","3,834","3,705","6,182","5,745","6,784","11,208","10,738","10,730","11,756",
Zimbabwe,Internal transfers and grants,Million NCU,,,,,,,,,,,311,262,290,317,481,274,282,342,589,120,175,317,332,333,
Antigua and Barbuda,Internal transfers and grants,Million NCU,38,45,48,56,52,54,56,57,50,48,60,58,58,55,71,63,54,54,65,59,71,65,74,56,
Argentina,Internal transfers and grants,Million NCU,"6,073","5,615","5,549","6,953","6,265","9,852","12,699","16,671","21,541","28,931","36,634","49,493","63,769","83,680","115,610","164,334","217,318","284,722","366,366","539,660","812,528","1,350,774","2,152,194","5,041,414",
Bahamas,Internal transfers and grants,Million NCU,117,122,127,138,138,148,157,180,206,222,225,230,237,253,252,245,266,334,262,292,330,294,340,328,
Barbados,Internal transfers and grants,Million NCU,166,177,192,237,294,291,307,303,336,341,322,306,389,351,305,298,301,296,297,291,341,424,329,300,
Belize,Internal transfers and grants,Million NCU,29,37,37,39,42,46,55,70,89,84,89,94,95,104,113,119,132,128,132,140,140,156,132,145,
Bolivia (Plurinational State of),Internal transfers and grants,Million NCU,543,581,618,752,786,979,"1,179","1,523","1,804","2,174","2,309","2,866","3,180","3,995","5,050","5,764","6,054","6,660","7,935","8,201","8,636","9,923","7,853","8,512",
Brazil,Internal transfers and grants,Million NCU,"41,610","46,222","54,882","60,292","67,874","72,612","85,326","94,791","108,981","123,570","138,997","151,671","161,518","189,333","213,756","227,056","244,073","256,532","267,287","285,511","312,989","383,380","422,172","462,438",
Canada,Internal transfers and grants,Million NCU,"62,530","67,407","71,749","77,380","82,808","87,804","94,969","101,497","108,648","115,754","122,098","127,137","133,148","137,952","142,223","148,795","153,331","159,547","166,478","174,009","209,942","224,153","220,030","226,206","238,981"
Chile,Internal transfers and grants,Million NCU,"76,691","73,600","71,229","69,607","66,250","103,289","131,772","145,754","169,279","206,471","227,250","222,150","241,872","247,771","262,716","282,144","324,954","331,813","354,508","306,393","660,729","916,909","882,365","571,738","558,263"
Colombia,Internal transfers and grants,Million NCU,"950,120","922,043","1,198,135","1,151,227","3,123,235","3,575,086","3,827,495","4,147,198","4,183,003","4,479,478","5,010,945","5,429,155","3,751,880","3,420,029","3,011,972","2,667,429","2,431,403","2,522,152","4,921,183","4,956,265","7,786,867","16,259,857","12,860,661","12,108,262","13,084,294"
Costa Rica,Internal transfers and grants,Million NCU,"2,186",576,833,"1,002",861,698,"42,450","51,890","84,770","98,934","110,547","53,272","63,786","71,753","75,717","82,386","80,700","73,759","93,330","96,357","123,587","125,820","135,711","89,445",
Cuba,Internal transfers and grants,Million NCU,"1,684","1,797","1,924","2,028","2,089","3,169","3,734","5,792","6,258","7,004","6,241","6,945","5,897","7,050","8,838","10,086","10,003","9,913","9,782","10,206","12,201","68,853","66,330","68,023",
Dominica,Internal transfers and grants,Million NCU,30,24,22,25,25,27,28,29,32,35,39,43,46,44,45,47,52,53,62,55,52,60,74,59,
Dominican Republic,Internal transfers and grants,Million NCU,"5,410","5,872","6,629","5,656","9,018","13,002","15,031","18,593","19,900","21,392","26,373","31,658","33,619","37,404","37,577","38,585","41,876","45,471","46,936","54,912","71,449","98,300","78,884","90,234",
Ecuador,Internal transfers and grants,Million NCU,99,185,255,388,487,581,695,736,954,"1,054","1,288","1,423","1,793","2,154","2,466","2,542","2,581","2,907","3,104","2,985","2,901","3,278","3,180","3,291",
El Salvador,Internal transfers and grants,Million NCU,231,241,247,248,263,288,323,338,367,360,420,548,520,599,584,616,633,620,647,688,866,"1,207","1,178","1,063",
Grenada,Internal transfers and grants,Million NCU,26,30,40,34,42,45,38,41,44,45,43,50,51,52,51,52,50,57,59,67,64,66,66,75,
Guatemala,Internal transfers and grants,Million NCU,"1,248","1,458","1,448","1,657","1,720","1,916","2,415","2,649","3,365","3,838","3,466","3,597","3,759","4,324","4,619","4,846","5,624","5,623","6,076","7,456","8,292","11,256","10,476","9,783",
Guyana,Internal transfers and grants,Million NCU,"4,401","4,097","4,568","4,790","5,105","5,460","5,568","6,732","7,661","9,108","9,927","12,940","14,063","15,354","17,708","19,982","22,819","26,435","28,341","30,448","44,492","52,501","52,198","59,822",
Haiti,Internal transfers and grants,Million NCU,"1,164","1,075",758,943,"1,316","1,523",769,"2,646","3,120","3,428","3,580","1,862","2,217","2,622","2,678","3,468","3,825","4,016","5,027","4,371","6,164","5,962","6,428","7,184",
Honduras,Internal transfers and grants,Million NCU,"2,751","2,400","2,576","2,685","2,655","3,645","4,813","5,390","6,094","8,082","8,306","9,811","8,180","9,048","8,775","9,349","11,000","10,988","11,366","12,313","14,566","17,289","18,153","14,316",
Jamaica,Internal transfers and grants,Million NCU,"12,338","10,152","12,993","10,974","14,918","14,565","14,153","21,453","26,825","28,185","31,848","34,177","31,821","37,332","41,506","52,734","56,815","69,118","69,856","73,919","79,281","100,330","141,930","129,837",
Mexico,Internal transfers and grants,Million NCU,"45,131","49,944","54,281","63,314","75,145","89,958","101,806","118,672","142,855","153,558","173,477","191,833","212,915","223,151","233,594","254,091","262,456","278,817","288,512","296,328","362,363","367,080","404,618","405,138",
Nicaragua,Internal transfers and grants,Million NCU,"1,160","1,124","1,208","1,313","1,164","1,695","2,351","2,878","3,523","4,262","4,114","4,726","5,707","6,125","7,654","8,952","10,278","11,467","12,303","12,817","13,689","19,527","17,019","18,220",
Panama,Internal transfers and grants,Million NCU,357,336,342,332,431,358,473,598,672,724,784,826,930,"1,047","1,249","1,380","1,420","1,484","1,547","1,721","1,647","1,762","1,853","1,847",
Paraguay,Internal transfers and grants,Million NCU,"336,881","353,451","350,915","482,255","566,609","633,563","863,202","1,024,695","1,076,379","1,512,023","1,807,927","2,251,651","2,903,496","2,899,348","3,626,433","3,806,313","3,998,781","4,098,427","4,433,715","4,900,594","6,529,351","8,460,784","7,802,482","9,639,441",
Peru,Internal transfers and grants,Million NCU,"1,910","1,910","1,951","1,896","2,158","2,851","3,040","3,366","3,646","4,525","5,180","5,372","6,659","7,374","9,308","10,069","11,023","11,741","13,270","13,874","18,949","25,977","23,299","20,522",
Saint Kitts and Nevis,Internal transfers and grants,Million NCU,23,24,25,26,29,33,39,39,37,41,41,43,44,45,50,50,59,63,65,76,73,82,77,89,
Saint Lucia,Internal transfers and grants,Million NCU,39,40,41,41,42,46,50,52,59,66,70,72,82,88,85,92,94,105,105,113,118,136,137,151,
Saint Vincent and the Grenadines,Internal transfers and grants,Million NCU,32,34,37,36,37,38,38,41,46,48,50,46,54,55,53,54,57,61,67,70,76,86,83,89,
Suriname,Internal transfers and grants,Million NCU,32,29,52,58,79,92,124,131,128,152,149,161,186,207,215,221,234,235,422,483,434,567,684,494,
Trinidad and Tobago,Internal transfers and grants,Million NCU,818,972,"1,123","1,373","1,575","2,184","2,186","2,660","3,095","3,219","3,508","3,888","3,937","4,547","4,620","4,960","5,098","5,539","5,195","5,047","4,864","5,475","5,798","6,248",
United States of America,Internal transfers and grants,Million NCU,"374,250","427,954","480,787","525,918","571,090","610,947","663,666","709,110","768,337","849,150","894,065","921,646","955,868","989,020","1,064,129","1,136,847","1,189,398","1,216,016","1,266,210","1,339,778","1,727,487","1,703,770","1,739,157","1,821,544",
Uruguay,Internal transfers and grants,Million NCU,"6,258","7,253","7,949","10,133","10,099","8,666","10,289","12,001","18,559","20,770","22,971","19,438","20,396","21,138","22,330","24,255","26,910","27,241","31,338","35,051","38,999","56,835","55,437","51,369",
Venezuela (Bolivarian Republic of),Internal transfers and grants,Million NCU,,,,,,,,,,,,,,,,,,,0,2,84,955,"4,891","11,995",
Afghanistan,Internal transfers and grants,Million NCU,,,150,"1,432","1,337","1,614","1,722","2,394","3,249","3,230","3,339","4,014","3,544","4,952","5,592","6,411","7,339","8,267","7,334","7,305","18,354","8,888","2,329","3,347",
Bahrain,Internal transfers and grants,Million NCU,81,86,95,107,116,137,150,173,202,247,258,273,310,343,360,378,361,342,345,335,386,423,415,411,
Djibouti,Internal transfers and grants,Million NCU,"1,522","1,396","1,444","1,808","1,792","1,845","2,622","2,903","3,537","3,764","4,107","4,965","4,798","4,883","5,229","5,600","4,683","4,283","5,398","5,488","4,465","2,979","5,090","5,549",
Egypt,Internal transfers and grants,Million NCU,"4,494","5,033","5,577","5,242","5,746","6,553","8,727","9,422","11,315","13,569","14,014","17,484","18,666","22,370","26,713","34,737","38,242","53,040","48,981","56,512","69,098","90,775","99,054","112,823",
Iran (Islamic Republic of),Internal transfers and grants,Million NCU,"6,306,515","8,301,280","10,512,624","14,595,778","16,540,893","20,982,495","30,503,796","35,463,093","38,137,908","52,500,527","54,316,367","93,508,274","102,359,339","151,893,423","274,834,670","342,111,751","398,313,135","454,014,967","449,969,918","489,915,144","707,283,739","1,026,162,790","2,284,912,680","3,351,097,761",
Iraq,Internal transfers and grants,Million NCU,,,,"406,763","1,451,095","1,485,604","1,465,613","2,271,094","3,725,858","3,778,233","3,858,722","4,522,847","2,564,986","3,136,184","2,838,505","1,513,481","5,040,390","3,807,236","5,446,369","5,810,032","5,607,994","7,733,119","8,259,021","9,051,556",
Jordan,Internal transfers and grants,Million NCU,233,256,272,268,244,355,387,498,638,781,763,810,"1,055",978,"1,102","1,006",800,835,795,826,933,963,"1,037","1,098",
Kuwait,Internal transfers and grants,Million NCU,185,269,278,303,315,362,411,480,595,673,746,838,949,"1,032","1,142","1,233","1,334","1,460","1,910","1,953","1,840","2,140","2,085","2,210",
Lebanon,Internal transfers and grants,Million NCU,"522,204","591,375","549,765","542,914","622,163","609,948","655,141","706,506","765,698","890,988","981,587","1,049,134","1,019,924","1,111,020","1,381,199","1,193,144","1,290,828","1,330,920","1,454,752","1,298,630","1,337,340","1,284,925","3,415,360","34,171,792",
Libya,Internal transfers and grants,Million NCU,327,456,851,913,989,"1,040","1,187","1,383","1,611","1,879","2,191","1,500","3,408","3,499","2,503","2,706","2,890","2,897","3,644","3,830","3,635","7,110","6,554","13,256",
Morocco,Internal transfers and grants,Million NCU,"4,185","4,840","5,447","5,383","5,784","6,594","6,238","7,637","8,539","10,077","10,466","11,218","11,690","12,010","13,015","13,030","13,005","12,849","12,910","13,604","16,506","15,181","19,875","22,641",
"occupied Palestinian territory, including east Jerusalem",Internal transfers and grants,Million NCU,88,84,90,96,136,173,145,172,240,266,299,337,335,408,398,393,371,455,397,556,523,674,658,686,
Oman,Internal transfers and grants,Million NCU,188,189,206,219,232,255,267,319,371,428,512,545,633,758,"1,006","1,114","1,084","1,097",978,"1,128","1,332","1,292","1,108","1,213",
Pakistan,Internal transfers and grants,Million NCU,"40,886","42,437","49,850","29,357","36,917","38,708","37,289","42,127","41,118","64,534","75,259","76,632","123,148","142,255","150,616","188,519","207,179","301,569","343,350","385,952","463,422","587,547","703,686","713,528",
Qatar,Internal transfers and grants,Million NCU,773,931,"1,089","2,268","2,663","3,120","3,654","4,281","5,014","5,434","5,785","7,186","9,409","12,641","15,777","18,810","16,823","15,906","16,734","17,476","17,399","16,092","15,417","16,244",
Saudi Arabia,Internal transfers and grants,Million NCU,"21,566","22,349","21,849","23,306","24,857","30,503","37,283","39,086","36,829","44,866","44,750","62,663","75,752","87,018","105,826","100,773","108,479","116,185","119,190","126,860","143,277","149,658","155,920","152,389",
Somalia,Internal transfers and grants,Million NCU,,,,,,,,,,,,,,"130,021","123,939","146,092","182,494","259,828","265,938","315,623","483,193","796,353","773,336","1,413,699",
Sudan,Internal transfers and grants,Million NCU,392,417,464,616,986,"1,271","1,592","2,234","2,047","3,229","2,465","2,288","3,010","3,106","5,670","2,875","6,646","3,862","10,244","14,491","39,271","68,336","50,416","86,770",
Syrian Arab Republic,Internal transfers and grants,Million NCU,"14,638","18,799","22,960","26,347","27,064","31,170","30,631","35,606","38,385","40,110","40,973","37,176","41,742","53,455","71,675","84,193","114,105","164,725","188,978","244,016","278,125","453,794","730,902","776,954",
Tunisia,Internal transfers and grants,Million NCU,531,551,572,594,617,641,691,744,801,863,930,"1,002","1,079","1,177","1,365","1,402","1,606","1,658","1,736","2,316","3,069","3,160","2,961","3,607",
United Arab Emirates,Internal transfers and grants,Million NCU,"6,235","7,259","6,711","7,405","7,633","8,748","10,870","14,259","21,684","27,787","29,248","34,229","34,183","37,048","38,147","33,583","40,297","30,671","32,245","33,639","45,424","51,682","55,436","62,678",
Yemen,Internal transfers and grants,Million NCU,"36,964","41,186","43,776","51,943","50,065","53,102","61,129","67,385","86,164","66,712","78,874","76,415","94,173","85,077","72,781","42,428","48,068","30,805","89,056","114,890","129,139","141,343","241,012","215,372",
Albania,Internal transfers and grants,Million NCU,"12,332","13,717","13,716","15,544","17,956","18,474","19,318","21,999","19,638","21,513","23,056","25,037","26,133","27,391","27,990","29,850","31,610","30,478","34,457","36,538","35,898","40,003","63,382","65,704",
Andorra,Internal transfers and grants,Million NCU,7,9,17,17,19,34,25,27,29,30,69,66,39,39,39,43,43,44,46,46,65,64,60,63,
Armenia,Internal transfers and grants,Million NCU,"9,846","15,746","15,966","19,599","24,691","33,159","42,138","50,826","53,100","56,917","58,349","63,200","67,332","62,670","72,694","81,213","82,959","76,373","74,291","92,370","145,691","153,028","145,830","139,195",
Austria,Internal transfers and grants,Million NCU,"5,800","6,017","6,180","6,383","6,644","7,014","7,497","7,865","8,623","9,050","9,389","9,605","10,118","10,137","10,437","10,721","11,094","12,912","13,603","14,263","16,090","20,429","19,495","19,720",
Azerbaijan,Internal transfers and grants,Million NCU,41,43,45,55,74,112,163,258,347,404,430,495,611,620,667,710,694,685,696,786,"1,519",336,311,418,
Belarus,Internal transfers and grants,Million NCU,39,76,110,166,227,304,327,401,467,495,656,949,"1,886","2,393","2,718","3,315","3,981","4,209","4,770","5,558","6,799","8,438","8,609","10,216",
Belgium,Internal transfers and grants,Million NCU,"6,222","6,606","6,821","7,212","9,373","10,256","10,786","11,251","12,207","12,934","14,187","14,931","15,528","16,134","16,634","17,413","19,352","18,758","19,488","19,458","24,094","24,589","23,679","24,093",
Bosnia and Herzegovina,Internal transfers and grants,Million NCU,24,24,27,33,54,59,61,62,56,59,41,28,56,67,83,51,99,97,102,72,157,223,51,126,
Bulgaria,Internal transfers and grants,Million NCU,853,768,852,819,800,853,585,629,809,858,907,893,684,606,632,673,729,786,870,944,"1,665","1,826","2,474","2,407",
Croatia,Internal transfers and grants,Million NCU,39,36,32,32,37,347,464,738,697,684,732,162,163,78,87,116,178,226,242,195,379,445,537,422,
Cyprus,Internal transfers and grants,Million NCU,231,255,296,316,307,329,369,398,468,505,569,596,576,561,507,505,524,550,614,722,951,"1,082","1,122","1,169",
Czechia,Internal transfers and grants,Million NCU,"9,747","10,780","11,936","13,804","12,888","11,579","14,094","12,400","12,842","15,201","34,253","32,906","33,154","34,902","36,846","38,126","39,994","45,572","51,279","56,834","91,933","89,524","80,781","76,069",
Denmark,Internal transfers and grants,Million NCU,"89,372","96,643","102,854","107,340","113,336","120,738","129,364","135,733","143,963","155,258","161,875","161,327","168,220","168,348","172,469","177,478","181,903","185,923","190,557","196,398","209,817","231,202","227,509","222,213","231,923"
Estonia,Internal transfers and grants,Million NCU,28,32,32,58,60,75,89,109,128,123,110,121,137,152,151,168,171,196,237,269,435,630,576,609,
Finland,Internal transfers and grants,Million NCU,"5,891","6,472","7,185","7,742","8,392","9,028","9,671","10,184","10,929","11,276","11,580","12,508","13,331","13,762","13,928","13,773","13,654","14,660","15,146","15,862","16,558","18,001","19,183","21,508",
France,Internal transfers and grants,Million NCU,"17,114","18,035","19,289","19,828","20,936","21,700","24,085","25,376","26,772","28,753","28,767","29,694","30,957","32,179","29,057","30,282","37,661","40,296","30,170","63,514","69,698","91,343","91,564","89,920","92,479"
Georgia,Internal transfers and grants,Million NCU,35,57,68,65,119,144,168,186,235,220,257,236,252,269,586,896,"1,050","1,071","1,252","1,338","1,823","2,695","2,230","1,790",
Germany,Internal transfers and grants,Million NCU,"18,534","19,375","19,852","20,579","20,494","20,172","20,191","20,576","21,212","21,817","22,286","22,533","23,176","24,015","25,058","26,227","27,838","27,691","28,380","30,019","43,034","56,273","63,227","41,893",
Greece,Internal transfers and grants,Million NCU,"3,549","4,325","4,580","5,220","4,975","6,257","6,540","7,574","8,738","9,586","9,274","7,567","5,914","5,741","4,872","4,747","4,903","4,215","4,146","4,288","4,643","5,600","5,933","5,822",
Hungary,Internal transfers and grants,Million NCU,"103,689","97,146","154,479","377,512","386,865","432,879","247,081","202,188","214,520","340,786","295,134","289,543","502,319","480,489","547,646","652,971","695,224","722,616","738,732","933,514","1,262,462","1,588,128","1,490,450","1,637,123",
Iceland,Internal transfers and grants,Million NCU,"51,007","56,627","65,365","69,328","73,280","76,924","85,569","95,026","109,042","116,513","112,250","116,754","121,563","130,235","139,480","152,114","167,263","180,338","198,003","216,822","235,842","266,523","298,540","315,837",
Ireland,Internal transfers and grants,Million NCU,"4,942","6,098","7,141","8,004","8,869","10,226","10,776","12,145","13,505","13,696","13,368","13,074","13,340","13,002","13,162","13,790","14,561","15,410","16,492","17,625","20,544","22,024","23,819","25,483",
Israel,Internal transfers and grants,Million NCU,"13,986","14,838","15,885","15,337","15,730","16,014","17,701","17,972","18,942","20,667","22,115","23,221","25,641","27,667","30,233","31,737","33,660","36,083","38,957","41,251","49,105","61,351","48,208","55,370",
Italy,Internal transfers and grants,Million NCU,"68,141","75,089","79,547","82,223","90,334","96,402","101,736","101,679","108,379","110,309","112,495","111,038","107,938","106,797","108,247","108,559","109,658","110,901","112,637","113,581","120,863","127,178","130,030","130,575",
Kazakhstan,Internal transfers and grants,Million NCU,"55,107","63,912","73,025","94,207","136,568","192,601","237,024","230,765","365,579","453,600","402,277","520,361","641,980","664,900","846,410","784,937","958,330","1,029,213","1,059,770","1,161,718","1,320,802","1,473,192","1,553,037","1,992,546",
Kyrgyzstan,Internal transfers and grants,Million NCU,"1,233","1,322","1,477","1,581","1,852","3,414","4,292","3,697","4,667","6,012","6,497","9,202","11,359","12,208","9,360","10,018","10,105","10,236","11,491","11,632","11,373","19,952","22,985","27,650",
Latvia,Internal transfers and grants,Million NCU,189,210,240,261,387,444,604,762,826,691,664,718,716,738,770,815,869,920,"1,077","1,215","1,392","2,106","1,894","1,704",
Liechtenstein,Internal transfers and grants,Million NCU,,,,,,,,,,,,,,54,50,52,54,55,62,63,69,83,76,73,
Lithuania,Internal transfers and grants,Million NCU,37,66,132,165,59,84,84,143,211,212,196,195,191,187,229,238,242,244,248,272,370,515,421,370,
Luxembourg,Internal transfers and grants,Million NCU,477,544,598,640,717,762,795,824,909,987,"1,002",872,846,906,966,986,"1,035","1,087","1,147","1,251","1,440","1,622","1,662","1,747","1,918"
Malta,Internal transfers and grants,Million NCU,196,206,245,264,274,309,326,316,316,322,350,377,405,456,490,541,596,655,704,811,944,"1,070","1,113","1,199",
Monaco,Internal transfers and grants,Million NCU,4,4,4,5,6,6,6,6,7,7,8,8,8,9,9,9,14,13,14,16,16,18,17,13,
Montenegro,Internal transfers and grants,Million NCU,,,,,,,,,,,,27,28,29,30,62,50,33,41,48,62,144,424,461,
Netherlands (Kingdom of the),Internal transfers and grants,Million NCU,"1,656","1,852","2,133","2,215","2,212","2,507","2,747","3,055","3,170","3,347","3,337","3,377","3,482","3,479","3,565","4,437","4,437","4,600","4,943","5,393","9,847","13,342","9,982","8,492",
North Macedonia,Internal transfers and grants,Million NCU,314,338,365,287,272,292,364,567,526,603,904,"1,062",942,"1,552","1,710","2,350","1,861","1,192","1,728","2,208","3,511","4,302","3,426","3,817",
Norway,Internal transfers and grants,Million NCU,"94,951","103,905","116,455","124,178","130,572","137,644","146,157","158,370","174,617","186,070","195,430","207,208","220,517","233,172","250,329","269,548","280,159","289,366","305,311","321,825","339,961","364,532","388,465","414,204",
Poland,Internal transfers and grants,Million NCU,"2,780","3,208","3,540","3,243","4,644","4,126","4,449","4,607","4,934","5,022","5,427","6,193","6,481","10,576","10,118","10,813","11,753","13,440","13,293","14,606","14,812","25,482","24,726","26,436",
Portugal,Internal transfers and grants,Million NCU,"7,601","8,107","8,888","9,279","10,097","10,706","9,709","10,013","10,541","11,132","11,785","10,848","9,749","9,780","9,759","10,093","10,539","10,879","11,512","12,080","13,286","14,800","15,594","16,011",
Republic of Moldova,Internal transfers and grants,Million NCU,474,546,800,876,724,616,766,972,633,646,584,558,810,712,"1,073",690,253,108,443,562,630,694,403,500,
Romania,Internal transfers and grants,Million NCU,382,707,985,"1,389","1,691","2,392","1,836","3,131","4,533","4,977","8,945","5,137","6,246","10,509","8,769","7,690","7,626","9,397","13,075","17,508","23,514","24,786","26,756","26,695",
Russian Federation,Internal transfers and grants,Million NCU,"137,531","173,898","218,860","252,172","303,181","382,252","466,598","589,461","845,300","858,371","928,710","901,822","1,110,027","1,057,311","1,138,621","1,006,003","963,583","1,039,373","1,231,165","1,651,421","3,967,744","4,018,749","4,842,057","5,518,537",
San Marino,Internal transfers and grants,Million NCU,47,50,49,47,52,55,59,65,71,74,76,93,100,93,92,93,98,98,103,104,103,104,111,106,
Serbia,Internal transfers and grants,Million NCU,"1,312","2,810","4,508","5,152","5,917","6,916","7,502","9,167","12,678","10,887","8,557","9,488","12,888","12,705","11,813","12,113","33,171","34,334","36,580","36,503","30,347","93,953","98,719","103,299",
Slovakia,Internal transfers and grants,Million NCU,144,156,178,190,218,254,247,285,319,359,356,379,377,372,210,235,248,138,138,158,302,735,864,361,
Slovenia,Internal transfers and grants,Million NCU,45,49,58,61,69,80,85,87,92,99,116,117,118,140,119,105,136,142,178,236,463,624,788,772,
Spain,Internal transfers and grants,Million NCU,"29,322","31,441","33,781","40,797","44,308","48,540","53,547","58,343","64,775","69,802","69,450","68,351","64,819","62,405","62,595","66,766","67,847","69,795","72,282","76,334","85,121","90,073","93,149","96,660",
Sweden,Internal transfers and grants,Million NCU,"150,925","161,780","175,391","186,265","189,716","196,023","205,942","217,551","229,765","240,271","243,452","328,824","339,896","351,283","368,684","387,660","405,611","424,149","449,042","467,141","493,653","526,394","546,678","596,404",
Switzerland,Internal transfers and grants,Million NCU,"7,567","8,673","9,625","9,979","9,946","10,074","10,035","10,518","12,557","13,600","14,416","15,244","16,696","16,839","17,230","17,629","18,282","18,798","18,816","19,285","21,468","22,774","23,072","21,453",
Tajikistan,Internal transfers and grants,Million NCU,16,22,27,37,55,71,87,138,241,224,292,393,582,770,948,990,"1,090","1,281","1,348","1,501","1,806","1,962","2,068","2,457",
Tźrkiye,Internal transfers and grants,Million NCU,"2,041","3,620","5,339","6,397","7,504","9,102","11,138","13,182","13,985","17,138","15,784","17,675","14,996","16,320","18,917","21,158","25,354","28,910","35,343","44,006","57,974","94,768","149,936","337,669",
Turkmenistan,Internal transfers and grants,Million NCU,168,203,220,322,358,361,344,375,468,672,773,"1,060","1,279","1,642","1,839","1,890","1,558","2,055","1,708","1,871","1,877","2,011","2,180","2,568",
Ukraine,Internal transfers and grants,Million NCU,"4,417","5,695","6,925","9,749","11,726","16,415","21,103","25,774","30,466","35,122","39,790","44,515","52,558","48,953","54,846","73,346","86,963","104,935","124,664","125,385","156,968","232,321","232,269","229,506",
United Kingdom of Great Britain and Northern Ireland,Internal transfers and grants,Million NCU,"59,221","64,212","71,429","78,793","87,632","94,626","102,851","108,130","116,225","125,305","128,303","132,265","136,278","140,239","146,636","150,195","156,003","159,284","165,759","176,024","212,440","229,616","228,398","241,883",
Uzbekistan,Internal transfers and grants,Million NCU,"81,900","125,600","180,600","233,788","277,405","362,374","501,698","635,146","906,626","1,227,791","1,675,684","2,156,401","2,980,629","3,681,266","4,321,489","5,218,500","5,249,735","6,373,449","8,230,394","11,957,394","18,766,049","22,281,078","22,243,400","28,426,000",
Bangladesh,Internal transfers and grants,Million NCU,"16,353","13,400","17,700","20,144","22,081","23,043","27,666","32,178","33,380","36,759","44,963","52,914","59,370","62,800","67,932","70,534","98,719","116,798","128,184","106,564","112,795","136,994","135,807","141,150",
Bhutan,Internal transfers and grants,Million NCU,654,724,784,763,897,873,921,"1,172","1,189","1,482","1,673","1,890","2,243","2,530","2,692","3,417","3,621","3,640","4,094","4,585","5,970","4,481","4,624","7,022",
India,Internal transfers and grants,Million NCU,"165,931","172,276","176,261","192,470","208,290","253,433","286,413","326,328","386,566","496,227","564,811","696,792","775,863","890,553","1,001,599","1,180,088","1,361,886","1,562,790","1,747,625","1,968,297","2,289,280","3,064,070","3,561,100","3,809,825",
Maldives,Internal transfers and grants,Million NCU,242,263,270,289,363,442,597,936,"1,860","1,748","1,489","1,490","1,867","2,177","2,789","2,472","3,221","2,934","4,630","5,126","5,225","4,752","5,298","7,402",
Myanmar,Internal transfers and grants,Million NCU,"6,967","8,267","18,426","18,312","23,915","20,363","44,047","45,875","48,758","60,695","67,045","94,407","201,759","329,655","647,195","816,100","513,922","602,725","647,984","655,006","760,865","970,411","628,216","702,629",
Nepal,Internal transfers and grants,Million NCU,"2,258","2,942","4,154","3,707","3,961","5,064","6,320","5,631","6,617","8,979","10,757","12,421","13,834","14,688","19,394","21,899","26,179","32,452","35,252","39,738","56,133","74,638","93,131","85,063",
Sri Lanka,Internal transfers and grants,Million NCU,"33,611","36,397","41,279","42,825","52,058","58,483","67,457","77,556","85,855","93,202","99,264","113,037","124,244","165,317","165,534","185,477","197,756","191,417","249,778","270,895","331,609","391,708","358,479","330,612",
Thailand,Internal transfers and grants,Million NCU,"77,930","77,714","108,589","116,182","125,074","133,506","165,607","196,616","228,541","227,329","240,621","276,905","293,940","301,043","327,088","333,175","369,064","380,040","395,725","400,431","420,293","480,044","588,992","570,751",
Timor-Leste,Internal transfers and grants,Million NCU,,,,6,7,10,11,5,22,24,29,37,48,62,60,70,57,71,62,59,87,113,172,155,
Australia,Internal transfers and grants,Million NCU,"36,708","39,332","43,387","46,315","51,122","54,459","59,299","65,829","71,783","77,213","81,975","88,646","90,015","89,216","106,225","114,015","120,774","127,308","134,105","143,314","157,563","178,718","182,195","197,792",
Brunei Darussalam,Internal transfers and grants,Million NCU,246,236,246,273,313,329,329,346,381,375,391,398,402,389,384,403,381,360,420,387,383,376,375,418,
Cambodia,Internal transfers and grants,Million NCU,"182,033","185,244","235,038","275,284","294,296","314,338","286,529","338,108","425,688","517,417","636,107","657,477","777,934","889,934","892,428","981,947","1,114,826","1,260,255","1,462,584","1,632,664","1,779,005","4,347,082","1,739,852","1,898,732",
China,Internal transfers and grants,Million NCU,"43,511","50,928","60,667","73,022","81,533","97,352","109,944","149,913","184,513","246,020","298,817","369,717","421,813","455,595","502,269","608,373","718,930","760,593","847,013","889,293","1,100,173","1,067,037","1,725,015","1,571,686",
Cook Islands,Internal transfers and grants,Million NCU,6,7,8,8,8,8,9,9,9,11,11,11,10,10,12,11,13,10,12,16,24,22,24,22,
Fiji,Internal transfers and grants,Million NCU,102,85,96,106,114,133,144,147,135,133,142,139,147,156,189,205,216,231,285,311,288,326,344,324,
Indonesia,Internal transfers and grants,Million NCU,"7,692,748","12,534,812","12,218,977","16,362,375","16,931,611","18,340,725","23,459,624","35,895,880","40,881,304","45,703,112","33,865,932","40,292,474","48,663,788","54,698,664","60,988,186","75,371,583","99,816,681","92,911,765","114,675,891","106,630,225","196,656,405","277,387,056","148,460,894","135,752,835",
Japan,Internal transfers and grants,Million NCU,"3,068,360","3,215,855","3,275,645","3,337,890","3,394,477","3,380,766","3,426,413","3,462,239","3,747,740","4,088,514","4,309,571","4,589,415","4,684,946","4,591,866","4,844,452","4,863,791","4,956,908","4,974,121","4,841,364","4,963,561","7,288,182","9,992,571","10,310,656","4,802,226",
Kiribati,Internal transfers and grants,Million NCU,10,14,15,14,17,16,14,15,18,15,14,14,14,15,16,16,21,24,28,29,31,34,33,37,
Lao People's Democratic Republic,Internal transfers and grants,Million NCU,"167,948","213,997","189,204","243,343","201,581","272,298","229,222","229,142","250,317","607,065","345,109","246,347","328,360","616,730","652,925","919,657","880,407","1,045,046","1,020,189","1,257,876","1,180,855","1,184,715","1,203,301","1,284,566",
Malaysia,Internal transfers and grants,Million NCU,"4,494","5,127","5,637","6,854","7,439","7,664","10,365","11,206","12,794","13,425","13,853","16,162","18,194","19,343","22,525","23,672","23,293","26,050","27,488","30,006","30,464","37,650","34,901","35,331",
Marshall Islands,Internal transfers and grants,Million NCU,4,4,5,5,2,2,3,3,2,3,3,3,3,4,3,3,4,5,5,6,5,5,5,16,
Micronesia (Federated States of),Internal transfers and grants,Million NCU,0,1,1,1,1,0,0,0,2,0,1,3,1,2,3,2,3,2,3,4,4,3,4,5,
Mongolia,Internal transfers and grants,Million NCU,"40,493","31,599","33,771","32,651","42,846","46,823","74,824","115,232","160,469","144,980","159,725","192,058","277,534","313,065","353,563","348,193","248,239","266,089","278,412","375,075","470,775","413,409","166,543","217,178",
Nauru,Internal transfers and grants,Million NCU,7,5,4,3,2,4,4,5,5,4,4,4,4,5,7,9,13,12,17,18,18,22,33,34,
New Zealand,Internal transfers and grants,Million NCU,"6,171","6,641","7,505","7,925","8,908","9,794","10,808","11,571","11,904","12,841","13,551","14,329","14,796","15,249","15,701","15,988","16,396","17,257","17,853","18,924","21,076","24,001","31,056","30,591",
Niue,Internal transfers and grants,Million NCU,1,6,2,2,2,2,9,3,3,4,3,4,2,2,2,2,2,2,2,2,3,3,3,3,
Palau,Internal transfers and grants,Million NCU,7,6,6,6,7,6,7,7,6,7,8,8,8,9,9,8,10,10,10,11,11,11,12,12,
Papua New Guinea,Internal transfers and grants,Million NCU,218,228,269,248,307,327,371,412,425,444,449,569,721,846,"1,029",688,965,"1,095","1,163","1,016","1,180",947,"1,427","2,075",
Philippines,Internal transfers and grants,Million NCU,"42,185","37,581","32,720","41,320","45,703","58,821","65,608","72,072","80,053","90,528","105,105","86,728","97,428","111,163","118,984","153,725","169,840","197,517","234,070","277,990","364,140","393,949","435,912","479,686",
Republic of Korea,Internal transfers and grants,Million NCU,"1,146,470","5,522,393","6,249,110","7,063,029","7,465,326","8,416,310","9,349,446","9,541,148","11,075,665","13,418,502","14,184,014","14,610,869","15,307,851","16,446,203","17,850,981","19,894,645","20,647,940","21,895,971","23,237,713","25,962,867","31,955,170","43,252,284","51,376,818","39,429,451","40,688,985"
Samoa,Internal transfers and grants,Million NCU,30,29,34,31,36,42,49,50,60,70,67,65,70,73,89,84,84,88,83,103,104,110,105,120,
Singapore,Internal transfers and grants,Million NCU,"1,915","1,341","1,662","2,007","1,718","1,765","1,936","2,205","2,715","3,035","3,372","3,638","4,232","5,215","6,076","7,227","7,689","8,322","8,633","9,743","14,254","15,865","15,570","15,208",
Solomon Islands,Internal transfers and grants,Million NCU,95,130,134,139,146,230,215,236,171,184,201,230,257,260,291,318,346,359,381,431,457,422,424,469,
Tonga,Internal transfers and grants,Million NCU,8,9,10,11,12,13,17,19,19,20,20,21,20,22,23,23,28,30,34,34,34,39,45,41,
Tuvalu,Internal transfers and grants,Million NCU,6,5,3,4,3,3,3,3,4,4,5,5,4,4,5,5,9,11,10,13,11,8,14,19,
Vanuatu,Internal transfers and grants,Million NCU,925,943,959,957,948,924,"1,043","1,176","1,361","1,267","1,261","1,627","1,593","1,610",441,"1,672","1,125","1,396","2,157","2,046","2,699","1,282","1,973","3,097",
Viet Nam,Internal transfers and grants,Million NCU,"2,938,984","2,682,356","2,967,286","3,593,756","5,294,637","7,142,104","9,722,065","11,906,410","15,118,589","17,846,225","25,182,570","33,171,679","42,624,235","49,071,090","58,086,601","55,980,230","55,564,863","42,845,570","33,615,411","31,808,709","37,373,292","75,263,825","77,145,412","87,919,217",